query,epic,instrument_name,instrument_type
AMD,SA.D.AMD.CASH.IP,Advanced Micro Devices Inc (24 Hours),SHARES
AMD,ED.D.AMDGY.CASH.IP,Advanced Micro Devices Inc (DE),SHARES
AMD,ON.D.AMDsa17000R6.CASH.IP,Advanced Micro Devices Inc 17000 PUT,OPT_SHARES
AMD,ON.D.AMDsa17500R6.CASH.IP,Advanced Micro Devices Inc 17500 PUT,OPT_SHARES
AMD,ON.D.AMDsa18000R6.CASH.IP,Advanced Micro Devices Inc 18000 PUT,OPT_SHARES
AMD,ON.D.AMDsa18500R6.CASH.IP,Advanced Micro Devices Inc 18500 PUT,OPT_SHARES
AMD,ON.D.AMDsa19000F6.CASH.IP,Advanced Micro Devices Inc 19000 CALL,OPT_SHARES
AMD,ON.D.AMDsa19000R6.CASH.IP,Advanced Micro Devices Inc 19000 PUT,OPT_SHARES
AMD,ON.D.AMDsa19500F6.CASH.IP,Advanced Micro Devices Inc 19500 CALL,OPT_SHARES
AMD,ON.D.AMDsa19500R6.CASH.IP,Advanced Micro Devices Inc 19500 PUT,OPT_SHARES
